Observation id	25d1467e-1efe-454a-b49f-4a0d77eb277e															
																
Media file(s)																
																
Player #1	G:/Oxford/Videos/Bossou videos/2010/0e9ed526-48b5-49c3-9a07-5b1e24e59f3a/25d1467e-1efe-454a-b49f-4a0d77eb277e.dv															
																
Observation date	2021-02-24 12:17:05															
																
Description	25d1467e-1efe-454a-b49f-4a0d77eb277e															
																
Time offset (s)	0.0															
																
independent variables																
variable	value															
Observer	Alex															
Group	Bossou															
Date/Time	2000-01-01T00:00:00															
Contains play	yes															
Coded	no															
																
Time	Media file path	Total length	FPS	Subject	Behavior	Behavioral category	Modifier 1	Modifier 2	Modifier 3	Modifier 4	Modifier 5	Modifier 6	Modifier 7	Modifier 8	Comment	Status
381.317	G:/Oxford/Videos/Bossou videos/2010/0e9ed526-48b5-49c3-9a07-5b1e24e59f3a/25d1467e-1efe-454a-b49f-4a0d77eb277e.dv	4949.440	29.97		Players	Players	Joya,Tua	Yes	Fana,Foaf,Jeje,Joya,Peley,Tua,Yo							POINT
382.016	G:/Oxford/Videos/Bossou videos/2010/0e9ed526-48b5-49c3-9a07-5b1e24e59f3a/25d1467e-1efe-454a-b49f-4a0d77eb277e.dv	4949.440	29.97	Tua	Play Element	Play Element	None	None	Approach	None	None	None	None	None		POINT
382.651	G:/Oxford/Videos/Bossou videos/2010/0e9ed526-48b5-49c3-9a07-5b1e24e59f3a/25d1467e-1efe-454a-b49f-4a0d77eb277e.dv	4949.440	29.97	Tua	Play Element	Play Element	None	None	Follow-Other	None	None	None	None	None		POINT
382.685	G:/Oxford/Videos/Bossou videos/2010/0e9ed526-48b5-49c3-9a07-5b1e24e59f3a/25d1467e-1efe-454a-b49f-4a0d77eb277e.dv	4949.440	29.97	Joya	Play Element	Play Element	None	None	Retreat	None	Face_invisible	None	None	None		POINT
383.284	G:/Oxford/Videos/Bossou videos/2010/0e9ed526-48b5-49c3-9a07-5b1e24e59f3a/25d1467e-1efe-454a-b49f-4a0d77eb277e.dv	4949.440	29.97	Joya	Play Element	Play Element	None	None	Bipedal	Hide-swing	Face_invisible	None	None	None		POINT
384.319	G:/Oxford/Videos/Bossou videos/2010/0e9ed526-48b5-49c3-9a07-5b1e24e59f3a/25d1467e-1efe-454a-b49f-4a0d77eb277e.dv	4949.440	29.97	Joya	Play Element	Play Element	None	None	None	Feint	Face_invisible	None	None	None		POINT
384.585	G:/Oxford/Videos/Bossou videos/2010/0e9ed526-48b5-49c3-9a07-5b1e24e59f3a/25d1467e-1efe-454a-b49f-4a0d77eb277e.dv	4949.440	29.97	Joya	Play Element	Play Element	None	None	Arm-protect,Flee	None	Face_invisible	None	None	None		POINT
389.525	G:/Oxford/Videos/Bossou videos/2010/0e9ed526-48b5-49c3-9a07-5b1e24e59f3a/25d1467e-1efe-454a-b49f-4a0d77eb277e.dv	4949.440	29.97	Tua	Break	Break										POINT
390.258	G:/Oxford/Videos/Bossou videos/2010/0e9ed526-48b5-49c3-9a07-5b1e24e59f3a/25d1467e-1efe-454a-b49f-4a0d77eb277e.dv	4949.440	29.97	Joya	Break	Break										POINT
392.694	G:/Oxford/Videos/Bossou videos/2010/0e9ed526-48b5-49c3-9a07-5b1e24e59f3a/25d1467e-1efe-454a-b49f-4a0d77eb277e.dv	4949.440	29.97		End	End	None	Yes								POINT
2000.935	G:/Oxford/Videos/Bossou videos/2010/0e9ed526-48b5-49c3-9a07-5b1e24e59f3a/25d1467e-1efe-454a-b49f-4a0d77eb277e.dv	4949.440	29.97		Players	Players	Flanle,Peley	Yes	Fanle,Flanle,Joya,Peley							POINT
2004.774	G:/Oxford/Videos/Bossou videos/2010/0e9ed526-48b5-49c3-9a07-5b1e24e59f3a/25d1467e-1efe-454a-b49f-4a0d77eb277e.dv	4949.440	29.97	Peley	Play Element	Play Element	None	None	Approach	None	Face_invisible	None	None	None		POINT
2005.241	G:/Oxford/Videos/Bossou videos/2010/0e9ed526-48b5-49c3-9a07-5b1e24e59f3a/25d1467e-1efe-454a-b49f-4a0d77eb277e.dv	4949.440	29.97	Flanle	Play Element	Play Element	None	None	Flee	None	Face_invisible	None	None	None		POINT
2006.507	G:/Oxford/Videos/Bossou videos/2010/0e9ed526-48b5-49c3-9a07-5b1e24e59f3a/25d1467e-1efe-454a-b49f-4a0d77eb277e.dv	4949.440	29.97	Peley	Play Element	Play Element	None	None	Follow-Other	None	Face_invisible	None	None	None		POINT
2006.910	G:/Oxford/Videos/Bossou videos/2010/0e9ed526-48b5-49c3-9a07-5b1e24e59f3a/25d1467e-1efe-454a-b49f-4a0d77eb277e.dv	4949.440	29.97	Flanle	Play Element	Play Element	None	None	None	Feint	None	None	None	None		POINT
2007.209	G:/Oxford/Videos/Bossou videos/2010/0e9ed526-48b5-49c3-9a07-5b1e24e59f3a/25d1467e-1efe-454a-b49f-4a0d77eb277e.dv	4949.440	29.97	Flanle	Play Element	Play Element	None	None	Flee	None	None	None	None	None		POINT
2010.212	G:/Oxford/Videos/Bossou videos/2010/0e9ed526-48b5-49c3-9a07-5b1e24e59f3a/25d1467e-1efe-454a-b49f-4a0d77eb277e.dv	4949.440	29.97	Flanle	Play Element	Play Element	None	None	Approach	None	Face_invisible	None	None	None		POINT
2010.914	G:/Oxford/Videos/Bossou videos/2010/0e9ed526-48b5-49c3-9a07-5b1e24e59f3a/25d1467e-1efe-454a-b49f-4a0d77eb277e.dv	4949.440	29.97	Flanle	Play Element	Play Element	None	None	None	Arm-wave,Bow	Face_invisible	None	None	None		POINT
2011.446	G:/Oxford/Videos/Bossou videos/2010/0e9ed526-48b5-49c3-9a07-5b1e24e59f3a/25d1467e-1efe-454a-b49f-4a0d77eb277e.dv	4949.440	29.97	Peley	Play Element	Play Element	None	None	Bop,Retreat-backwards	Arm-swing	None	None	None	None		POINT
2011.480	G:/Oxford/Videos/Bossou videos/2010/0e9ed526-48b5-49c3-9a07-5b1e24e59f3a/25d1467e-1efe-454a-b49f-4a0d77eb277e.dv	4949.440	29.97	Flanle	Play Element	Play Element	None	None	Bop	None	Face_invisible	None	None	None		POINT
2011.681	G:/Oxford/Videos/Bossou videos/2010/0e9ed526-48b5-49c3-9a07-5b1e24e59f3a/25d1467e-1efe-454a-b49f-4a0d77eb277e.dv	4949.440	29.97	Flanle	Play Element	Play Element	None	None	Approach	Press-ground	Face_invisible	None	None	None		POINT
2012.014	G:/Oxford/Videos/Bossou videos/2010/0e9ed526-48b5-49c3-9a07-5b1e24e59f3a/25d1467e-1efe-454a-b49f-4a0d77eb277e.dv	4949.440	29.97	Peley	Play Element	Play Element	None	None	Retreat-backwards	None	None	None	None	None		POINT
2012.215	G:/Oxford/Videos/Bossou videos/2010/0e9ed526-48b5-49c3-9a07-5b1e24e59f3a/25d1467e-1efe-454a-b49f-4a0d77eb277e.dv	4949.440	29.97	Flanle	Play Element	Play Element	None	None	Bipedal,Follow-Other	None	Face_invisible	None	None	None		POINT
2013.383	G:/Oxford/Videos/Bossou videos/2010/0e9ed526-48b5-49c3-9a07-5b1e24e59f3a/25d1467e-1efe-454a-b49f-4a0d77eb277e.dv	4949.440	29.97	Peley	Play Element	Play Element	None	Touch	Retreat-backwards	None	None	None	None	None		POINT
2014.183	G:/Oxford/Videos/Bossou videos/2010/0e9ed526-48b5-49c3-9a07-5b1e24e59f3a/25d1467e-1efe-454a-b49f-4a0d77eb277e.dv	4949.440	29.97	Flanle	Play Element	Play Element	None	None	Arm-protect	Feint	None	None	None	None		POINT
2014.650	G:/Oxford/Videos/Bossou videos/2010/0e9ed526-48b5-49c3-9a07-5b1e24e59f3a/25d1467e-1efe-454a-b49f-4a0d77eb277e.dv	4949.440	29.97	Flanle	Play Element	Play Element	None	None	Chase	None	Face_invisible	None	None	None		POINT
2014.918	G:/Oxford/Videos/Bossou videos/2010/0e9ed526-48b5-49c3-9a07-5b1e24e59f3a/25d1467e-1efe-454a-b49f-4a0d77eb277e.dv	4949.440	29.97	Peley	Play Element	Play Element	None	None	Retreat-backwards	None	Face_invisible	None	None	None		POINT
2016.286	G:/Oxford/Videos/Bossou videos/2010/0e9ed526-48b5-49c3-9a07-5b1e24e59f3a/25d1467e-1efe-454a-b49f-4a0d77eb277e.dv	4949.440	29.97	Flanle	Play Element	Play Element	None	None	Arm-protect,Follow-Other	None	Face_invisible	None	None	None		POINT
2019.822	G:/Oxford/Videos/Bossou videos/2010/0e9ed526-48b5-49c3-9a07-5b1e24e59f3a/25d1467e-1efe-454a-b49f-4a0d77eb277e.dv	4949.440	29.97	Flanle	Play Element	Play Element	None	None	Crouch	None	Face_invisible	None	None	None		POINT
2019.956	G:/Oxford/Videos/Bossou videos/2010/0e9ed526-48b5-49c3-9a07-5b1e24e59f3a/25d1467e-1efe-454a-b49f-4a0d77eb277e.dv	4949.440	29.97	Peley	Play Element	Play Element	None	Push	Retreat-backwards	None	None	None	None	None		POINT
2020.657	G:/Oxford/Videos/Bossou videos/2010/0e9ed526-48b5-49c3-9a07-5b1e24e59f3a/25d1467e-1efe-454a-b49f-4a0d77eb277e.dv	4949.440	29.97	Flanle	Play Element	Play Element	None	None	Approach,Bipedal	Reach	Face_invisible	None	None	None		POINT
2021.525	G:/Oxford/Videos/Bossou videos/2010/0e9ed526-48b5-49c3-9a07-5b1e24e59f3a/25d1467e-1efe-454a-b49f-4a0d77eb277e.dv	4949.440	29.97	Peley	Play Element	Play Element	None	Push	Retreat-backwards	None	None	None	None	None		POINT
2021.691	G:/Oxford/Videos/Bossou videos/2010/0e9ed526-48b5-49c3-9a07-5b1e24e59f3a/25d1467e-1efe-454a-b49f-4a0d77eb277e.dv	4949.440	29.97	Flanle	Play Element	Play Element	None	None	Crouch	Feint	Face_invisible	None	None	None		POINT
2022.124	G:/Oxford/Videos/Bossou videos/2010/0e9ed526-48b5-49c3-9a07-5b1e24e59f3a/25d1467e-1efe-454a-b49f-4a0d77eb277e.dv	4949.440	29.97	Peley	Play Element	Play Element	None	None	Retreat-backwards	None	Face_invisible	None	None	None		POINT
2022.258	G:/Oxford/Videos/Bossou videos/2010/0e9ed526-48b5-49c3-9a07-5b1e24e59f3a/25d1467e-1efe-454a-b49f-4a0d77eb277e.dv	4949.440	29.97	Flanle	Play Element	Play Element	None	None	Bipedal	Arm-swing	Face_invisible	None	None	None		POINT
2022.458	G:/Oxford/Videos/Bossou videos/2010/0e9ed526-48b5-49c3-9a07-5b1e24e59f3a/25d1467e-1efe-454a-b49f-4a0d77eb277e.dv	4949.440	29.97	Flanle	Play Element	Play Element	None	None	Follow-Other	None	Face_invisible	None	None	None		POINT
2023.059	G:/Oxford/Videos/Bossou videos/2010/0e9ed526-48b5-49c3-9a07-5b1e24e59f3a/25d1467e-1efe-454a-b49f-4a0d77eb277e.dv	4949.440	29.97	Peley	Play Element	Play Element	None	Touch	Retreat-backwards	None	Face_invisible	None	None	None		POINT
2023.392	G:/Oxford/Videos/Bossou videos/2010/0e9ed526-48b5-49c3-9a07-5b1e24e59f3a/25d1467e-1efe-454a-b49f-4a0d77eb277e.dv	4949.440	29.97	Flanle	Play Element	Play Element	None	None	Follow-Other	Reach	Face_invisible	None	None	None		POINT
2023.959	G:/Oxford/Videos/Bossou videos/2010/0e9ed526-48b5-49c3-9a07-5b1e24e59f3a/25d1467e-1efe-454a-b49f-4a0d77eb277e.dv	4949.440	29.97	Flanle	Play Element	Play Element	None	None	Follow-Other	None	Face_invisible	None	None	None		POINT
2024.194	G:/Oxford/Videos/Bossou videos/2010/0e9ed526-48b5-49c3-9a07-5b1e24e59f3a/25d1467e-1efe-454a-b49f-4a0d77eb277e.dv	4949.440	29.97	Peley	Play Element	Play Element	None	Pull	None	None	Face_invisible	None	None	None		POINT
2024.728	G:/Oxford/Videos/Bossou videos/2010/0e9ed526-48b5-49c3-9a07-5b1e24e59f3a/25d1467e-1efe-454a-b49f-4a0d77eb277e.dv	4949.440	29.97	Peley	Play Element	Play Element	None	None	Bipedal	Arm-swing,Feint	Face_invisible	None	None	None		POINT
2025.361	G:/Oxford/Videos/Bossou videos/2010/0e9ed526-48b5-49c3-9a07-5b1e24e59f3a/25d1467e-1efe-454a-b49f-4a0d77eb277e.dv	4949.440	29.97	Peley	Play Element	Play Element	None	None	Retreat	None	Face_invisible	None	None	None		POINT
2028.063	G:/Oxford/Videos/Bossou videos/2010/0e9ed526-48b5-49c3-9a07-5b1e24e59f3a/25d1467e-1efe-454a-b49f-4a0d77eb277e.dv	4949.440	29.97	Peley	Break	Break										POINT
2028.497	G:/Oxford/Videos/Bossou videos/2010/0e9ed526-48b5-49c3-9a07-5b1e24e59f3a/25d1467e-1efe-454a-b49f-4a0d77eb277e.dv	4949.440	29.97	Flanle	Break	Break										POINT
2028.631	G:/Oxford/Videos/Bossou videos/2010/0e9ed526-48b5-49c3-9a07-5b1e24e59f3a/25d1467e-1efe-454a-b49f-4a0d77eb277e.dv	4949.440	29.97		End	End	None	Yes								POINT
2041.778	G:/Oxford/Videos/Bossou videos/2010/0e9ed526-48b5-49c3-9a07-5b1e24e59f3a/25d1467e-1efe-454a-b49f-4a0d77eb277e.dv	4949.440	29.97		Players	Players	Flanle,Peley	Yes	Fanle,Flanle,Joya,Peley							POINT
2042.139	G:/Oxford/Videos/Bossou videos/2010/0e9ed526-48b5-49c3-9a07-5b1e24e59f3a/25d1467e-1efe-454a-b49f-4a0d77eb277e.dv	4949.440	29.97	Peley	Play Element	Play Element	None	None	None	Arm-swing	Face_invisible	None	None	None		POINT
2042.913	G:/Oxford/Videos/Bossou videos/2010/0e9ed526-48b5-49c3-9a07-5b1e24e59f3a/25d1467e-1efe-454a-b49f-4a0d77eb277e.dv	4949.440	29.97	Flanle	Play Element	Play Element	None	None	Retreat	None	Face_invisible	None	None	None		POINT
2044.142	G:/Oxford/Videos/Bossou videos/2010/0e9ed526-48b5-49c3-9a07-5b1e24e59f3a/25d1467e-1efe-454a-b49f-4a0d77eb277e.dv	4949.440	29.97	Peley	Play Element	Play Element	None	None	Follow-Other	None	Face_invisible	None	None	None		POINT
2046.015	G:/Oxford/Videos/Bossou videos/2010/0e9ed526-48b5-49c3-9a07-5b1e24e59f3a/25d1467e-1efe-454a-b49f-4a0d77eb277e.dv	4949.440	29.97	Flanle	Play Element	Play Element	None	None	Bipedal	Drum-Tree	Face_invisible	None	None	None		POINT
2046.838	G:/Oxford/Videos/Bossou videos/2010/0e9ed526-48b5-49c3-9a07-5b1e24e59f3a/25d1467e-1efe-454a-b49f-4a0d77eb277e.dv	4949.440	29.97	Flanle	Play Element	Play Element	None	None	None	Slap-ground	Face_invisible	None	None	None		POINT
2047.850	G:/Oxford/Videos/Bossou videos/2010/0e9ed526-48b5-49c3-9a07-5b1e24e59f3a/25d1467e-1efe-454a-b49f-4a0d77eb277e.dv	4949.440	29.97	Flanle	Play Element	Play Element	None	None	None	Bow,Slap-ground	Face_invisible	None	None	None		POINT
2048.652	G:/Oxford/Videos/Bossou videos/2010/0e9ed526-48b5-49c3-9a07-5b1e24e59f3a/25d1467e-1efe-454a-b49f-4a0d77eb277e.dv	4949.440	29.97	Flanle	Play Element	Play Element	None	None	Run-parallel	None	Face_invisible	None	None	None		POINT
2049.880	G:/Oxford/Videos/Bossou videos/2010/0e9ed526-48b5-49c3-9a07-5b1e24e59f3a/25d1467e-1efe-454a-b49f-4a0d77eb277e.dv	4949.440	29.97	Peley	Play Element	Play Element	None	None	Retreat-backwards	None	Face_invisible	None	None	None		POINT
2050.487	G:/Oxford/Videos/Bossou videos/2010/0e9ed526-48b5-49c3-9a07-5b1e24e59f3a/25d1467e-1efe-454a-b49f-4a0d77eb277e.dv	4949.440	29.97	Flanle	Play Element	Play Element	None	None	Approach	Jump	Face_invisible	None	None	None		POINT
2051.053	G:/Oxford/Videos/Bossou videos/2010/0e9ed526-48b5-49c3-9a07-5b1e24e59f3a/25d1467e-1efe-454a-b49f-4a0d77eb277e.dv	4949.440	29.97	Flanle	Play Element	Play Element	None	None	None	Charge	None	None	None	None		POINT
2052.221	G:/Oxford/Videos/Bossou videos/2010/0e9ed526-48b5-49c3-9a07-5b1e24e59f3a/25d1467e-1efe-454a-b49f-4a0d77eb277e.dv	4949.440	29.97	Flanle	Play Element	Play Element	None	None	Follow-Other	None	Face_invisible	None	None	None		POINT
2054.318	G:/Oxford/Videos/Bossou videos/2010/0e9ed526-48b5-49c3-9a07-5b1e24e59f3a/25d1467e-1efe-454a-b49f-4a0d77eb277e.dv	4949.440	29.97	Peley	Play Element	Play Element	None	None	Approach	None	Face_invisible	None	None	None		POINT
2056.458	G:/Oxford/Videos/Bossou videos/2010/0e9ed526-48b5-49c3-9a07-5b1e24e59f3a/25d1467e-1efe-454a-b49f-4a0d77eb277e.dv	4949.440	29.97	Flanle	Break	Break										POINT
2056.488	G:/Oxford/Videos/Bossou videos/2010/0e9ed526-48b5-49c3-9a07-5b1e24e59f3a/25d1467e-1efe-454a-b49f-4a0d77eb277e.dv	4949.440	29.97	Peley	Break	Break										POINT
2059.324	G:/Oxford/Videos/Bossou videos/2010/0e9ed526-48b5-49c3-9a07-5b1e24e59f3a/25d1467e-1efe-454a-b49f-4a0d77eb277e.dv	4949.440	29.97		End	End	None	Yes								POINT
2133.834	G:/Oxford/Videos/Bossou videos/2010/0e9ed526-48b5-49c3-9a07-5b1e24e59f3a/25d1467e-1efe-454a-b49f-4a0d77eb277e.dv	4949.440	29.97		Players	Players	Flanle,Joya	Yes	Fanle,Flanle,Joya,Peley							POINT
2136.601	G:/Oxford/Videos/Bossou videos/2010/0e9ed526-48b5-49c3-9a07-5b1e24e59f3a/25d1467e-1efe-454a-b49f-4a0d77eb277e.dv	4949.440	29.97	Flanle	Play Element	Play Element	None	None	Approach	None	Face_invisible	None	None	None		POINT
2139.371	G:/Oxford/Videos/Bossou videos/2010/0e9ed526-48b5-49c3-9a07-5b1e24e59f3a/25d1467e-1efe-454a-b49f-4a0d77eb277e.dv	4949.440	29.97	Flanle	Play Element	Play Element	None	None	Rock	None	Face_invisible	None	None	None		POINT
2140.138	G:/Oxford/Videos/Bossou videos/2010/0e9ed526-48b5-49c3-9a07-5b1e24e59f3a/25d1467e-1efe-454a-b49f-4a0d77eb277e.dv	4949.440	29.97	Flanle	Play Element	Play Element	None	None	Approach	None	Face_invisible	None	None	None		POINT
2140.770	G:/Oxford/Videos/Bossou videos/2010/0e9ed526-48b5-49c3-9a07-5b1e24e59f3a/25d1467e-1efe-454a-b49f-4a0d77eb277e.dv	4949.440	29.97	Flanle	Play Element	Play Element	None	None	None	Slap-ground	Face_invisible	None	None	None		POINT
2141.005	G:/Oxford/Videos/Bossou videos/2010/0e9ed526-48b5-49c3-9a07-5b1e24e59f3a/25d1467e-1efe-454a-b49f-4a0d77eb277e.dv	4949.440	29.97	Flanle	Play Element	Play Element	None	None	None	Bow,Slap-ground	Face_invisible	None	None	None		POINT
2142.072	G:/Oxford/Videos/Bossou videos/2010/0e9ed526-48b5-49c3-9a07-5b1e24e59f3a/25d1467e-1efe-454a-b49f-4a0d77eb277e.dv	4949.440	29.97	Flanle	Play Element	Play Element	None	None	None	Press-ground,Stomp	Face_invisible	None	None	None		POINT
2142.340	G:/Oxford/Videos/Bossou videos/2010/0e9ed526-48b5-49c3-9a07-5b1e24e59f3a/25d1467e-1efe-454a-b49f-4a0d77eb277e.dv	4949.440	29.97	Flanle	Play Element	Play Element	None	None	None	Bow,Slap-ground	Face_invisible	None	None	None		POINT
2143.773	G:/Oxford/Videos/Bossou videos/2010/0e9ed526-48b5-49c3-9a07-5b1e24e59f3a/25d1467e-1efe-454a-b49f-4a0d77eb277e.dv	4949.440	29.97	Flanle	Break	Break										POINT
2144.576	G:/Oxford/Videos/Bossou videos/2010/0e9ed526-48b5-49c3-9a07-5b1e24e59f3a/25d1467e-1efe-454a-b49f-4a0d77eb277e.dv	4949.440	29.97		End	End	Ignore	Yes								POINT
2247.225	G:/Oxford/Videos/Bossou videos/2010/0e9ed526-48b5-49c3-9a07-5b1e24e59f3a/25d1467e-1efe-454a-b49f-4a0d77eb277e.dv	4949.440	29.97		Players	Players	Joya,Peley	Yes	Fanle,Flanle,Joya,Peley							POINT
2250.986	G:/Oxford/Videos/Bossou videos/2010/0e9ed526-48b5-49c3-9a07-5b1e24e59f3a/25d1467e-1efe-454a-b49f-4a0d77eb277e.dv	4949.440	29.97	Joya	Play Element	Play Element	None	None	None	None	Face_invisible	Grab_object	Stone	None		POINT
2253.188	G:/Oxford/Videos/Bossou videos/2010/0e9ed526-48b5-49c3-9a07-5b1e24e59f3a/25d1467e-1efe-454a-b49f-4a0d77eb277e.dv	4949.440	29.97	Peley	Play Element	Play Element	None	None	None	Head-shake	None	None	None	None		POINT
2253.990	G:/Oxford/Videos/Bossou videos/2010/0e9ed526-48b5-49c3-9a07-5b1e24e59f3a/25d1467e-1efe-454a-b49f-4a0d77eb277e.dv	4949.440	29.97	Joya	Play Element	Play Element	None	None	Retreat	None	Face_invisible	None	None	None		POINT
2254.622	G:/Oxford/Videos/Bossou videos/2010/0e9ed526-48b5-49c3-9a07-5b1e24e59f3a/25d1467e-1efe-454a-b49f-4a0d77eb277e.dv	4949.440	29.97	Peley	Play Element	Play Element	None	None	Follow-Other	None	None	None	None	None		POINT
2257.291	G:/Oxford/Videos/Bossou videos/2010/0e9ed526-48b5-49c3-9a07-5b1e24e59f3a/25d1467e-1efe-454a-b49f-4a0d77eb277e.dv	4949.440	29.97	Joya	Play Element	Play Element	None	None	Flee	None	Face_invisible	None	None	None		POINT
2257.492	G:/Oxford/Videos/Bossou videos/2010/0e9ed526-48b5-49c3-9a07-5b1e24e59f3a/25d1467e-1efe-454a-b49f-4a0d77eb277e.dv	4949.440	29.97	Peley	Play Element	Play Element	None	None	Chase	None	Face_invisible	None	None	None		POINT
2260.895	G:/Oxford/Videos/Bossou videos/2010/0e9ed526-48b5-49c3-9a07-5b1e24e59f3a/25d1467e-1efe-454a-b49f-4a0d77eb277e.dv	4949.440	29.97	Joya	Break	Break										POINT
2260.962	G:/Oxford/Videos/Bossou videos/2010/0e9ed526-48b5-49c3-9a07-5b1e24e59f3a/25d1467e-1efe-454a-b49f-4a0d77eb277e.dv	4949.440	29.97	Peley	Break	Break										POINT
2261.395	G:/Oxford/Videos/Bossou videos/2010/0e9ed526-48b5-49c3-9a07-5b1e24e59f3a/25d1467e-1efe-454a-b49f-4a0d77eb277e.dv	4949.440	29.97		End	End	None	Yes								POINT
2262.663	G:/Oxford/Videos/Bossou videos/2010/0e9ed526-48b5-49c3-9a07-5b1e24e59f3a/25d1467e-1efe-454a-b49f-4a0d77eb277e.dv	4949.440	29.97		Players	Players	Flanle,Peley	Yes	Fanle,Flanle,Joya,Peley							POINT
2262.687	G:/Oxford/Videos/Bossou videos/2010/0e9ed526-48b5-49c3-9a07-5b1e24e59f3a/25d1467e-1efe-454a-b49f-4a0d77eb277e.dv	4949.440	29.97	Flanle	Play Element	Play Element	None	None	Retreat	None	Face_invisible	None	None	None		POINT
2262.965	G:/Oxford/Videos/Bossou videos/2010/0e9ed526-48b5-49c3-9a07-5b1e24e59f3a/25d1467e-1efe-454a-b49f-4a0d77eb277e.dv	4949.440	29.97	Peley	Play Element	Play Element	None	None	Follow-Other	None	Face_invisible	None	None	None		POINT
2264.299	G:/Oxford/Videos/Bossou videos/2010/0e9ed526-48b5-49c3-9a07-5b1e24e59f3a/25d1467e-1efe-454a-b49f-4a0d77eb277e.dv	4949.440	29.97	Flanle	Play Element	Play Element	None	None	Bipedal	Feint	Face_invisible	None	None	None		POINT
2264.999	G:/Oxford/Videos/Bossou videos/2010/0e9ed526-48b5-49c3-9a07-5b1e24e59f3a/25d1467e-1efe-454a-b49f-4a0d77eb277e.dv	4949.440	29.97	Flanle	Play Element	Play Element	None	None	Retreat	None	Face_invisible	None	None	None		POINT
2265.166	G:/Oxford/Videos/Bossou videos/2010/0e9ed526-48b5-49c3-9a07-5b1e24e59f3a/25d1467e-1efe-454a-b49f-4a0d77eb277e.dv	4949.440	29.97	Peley	Play Element	Play Element	None	None	None	Arm-wave	None	None	None	None		POINT
2265.568	G:/Oxford/Videos/Bossou videos/2010/0e9ed526-48b5-49c3-9a07-5b1e24e59f3a/25d1467e-1efe-454a-b49f-4a0d77eb277e.dv	4949.440	29.97	Flanle	Play Element	Play Element	None	None	Bipedal,Hide	None	Face_invisible	None	None	None		POINT
2266.468	G:/Oxford/Videos/Bossou videos/2010/0e9ed526-48b5-49c3-9a07-5b1e24e59f3a/25d1467e-1efe-454a-b49f-4a0d77eb277e.dv	4949.440	29.97	Flanle	Play Element	Play Element	None	None	None	Drum-Tree	Face_invisible	None	None	None		POINT
2266.834	G:/Oxford/Videos/Bossou videos/2010/0e9ed526-48b5-49c3-9a07-5b1e24e59f3a/25d1467e-1efe-454a-b49f-4a0d77eb277e.dv	4949.440	29.97	Flanle	Play Element	Play Element	None	None	None	Feint	Face_invisible	None	None	None		POINT
2267.135	G:/Oxford/Videos/Bossou videos/2010/0e9ed526-48b5-49c3-9a07-5b1e24e59f3a/25d1467e-1efe-454a-b49f-4a0d77eb277e.dv	4949.440	29.97	Flanle	Play Element	Play Element	None	None	Circle-tree	None	Face_invisible	None	None	None		POINT
2267.335	G:/Oxford/Videos/Bossou videos/2010/0e9ed526-48b5-49c3-9a07-5b1e24e59f3a/25d1467e-1efe-454a-b49f-4a0d77eb277e.dv	4949.440	29.97	Peley	Play Element	Play Element	None	None	Circle-tree	None	None	None	None	None		POINT
2270.137	G:/Oxford/Videos/Bossou videos/2010/0e9ed526-48b5-49c3-9a07-5b1e24e59f3a/25d1467e-1efe-454a-b49f-4a0d77eb277e.dv	4949.440	29.97	Peley	Break	Break										POINT
2270.472	G:/Oxford/Videos/Bossou videos/2010/0e9ed526-48b5-49c3-9a07-5b1e24e59f3a/25d1467e-1efe-454a-b49f-4a0d77eb277e.dv	4949.440	29.97	Flanle	Break	Break										POINT
2270.705	G:/Oxford/Videos/Bossou videos/2010/0e9ed526-48b5-49c3-9a07-5b1e24e59f3a/25d1467e-1efe-454a-b49f-4a0d77eb277e.dv	4949.440	29.97		End	End	None	Yes								POINT
2322.870	G:/Oxford/Videos/Bossou videos/2010/0e9ed526-48b5-49c3-9a07-5b1e24e59f3a/25d1467e-1efe-454a-b49f-4a0d77eb277e.dv	4949.440	29.97		Players	Players	Joya,Peley	Yes	Fanle,Flanle,Joya,Peley							POINT
2324.742	G:/Oxford/Videos/Bossou videos/2010/0e9ed526-48b5-49c3-9a07-5b1e24e59f3a/25d1467e-1efe-454a-b49f-4a0d77eb277e.dv	4949.440	29.97	Joya	Play Element	Play Element	None	None	Retreat-backwards	None	Face_invisible	None	None	None		POINT
2325.542	G:/Oxford/Videos/Bossou videos/2010/0e9ed526-48b5-49c3-9a07-5b1e24e59f3a/25d1467e-1efe-454a-b49f-4a0d77eb277e.dv	4949.440	29.97	Joya	Play Element	Play Element	None	None	Arm-protect,Flee	None	Face_invisible	None	None	None		POINT
2325.627	G:/Oxford/Videos/Bossou videos/2010/0e9ed526-48b5-49c3-9a07-5b1e24e59f3a/25d1467e-1efe-454a-b49f-4a0d77eb277e.dv	4949.440	29.97	Peley	Play Element	Play Element	None	None	Follow-Other	None	None	None	None	None		POINT
2328.143	G:/Oxford/Videos/Bossou videos/2010/0e9ed526-48b5-49c3-9a07-5b1e24e59f3a/25d1467e-1efe-454a-b49f-4a0d77eb277e.dv	4949.440	29.97	Joya	Play Element	Play Element	None	None	None	Feint	Face_invisible	None	None	None		POINT
2328.745	G:/Oxford/Videos/Bossou videos/2010/0e9ed526-48b5-49c3-9a07-5b1e24e59f3a/25d1467e-1efe-454a-b49f-4a0d77eb277e.dv	4949.440	29.97	Joya	Play Element	Play Element	None	None	Retreat	None	Face_invisible	None	None	None		POINT
2330.279	G:/Oxford/Videos/Bossou videos/2010/0e9ed526-48b5-49c3-9a07-5b1e24e59f3a/25d1467e-1efe-454a-b49f-4a0d77eb277e.dv	4949.440	29.97	Joya	Play Element	Play Element	None	None	Arm-protect,Crouch	Feint	Face_invisible	None	None	None		POINT
2331.015	G:/Oxford/Videos/Bossou videos/2010/0e9ed526-48b5-49c3-9a07-5b1e24e59f3a/25d1467e-1efe-454a-b49f-4a0d77eb277e.dv	4949.440	29.97	Peley	Play Element	Play Element	None	Hit	None	None	None	None	None	None		POINT
2331.314	G:/Oxford/Videos/Bossou videos/2010/0e9ed526-48b5-49c3-9a07-5b1e24e59f3a/25d1467e-1efe-454a-b49f-4a0d77eb277e.dv	4949.440	29.97	Joya	Play Element	Play Element	None	None	Arm-protect,Crouch	None	Face_invisible	None	None	None		POINT
2331.816	G:/Oxford/Videos/Bossou videos/2010/0e9ed526-48b5-49c3-9a07-5b1e24e59f3a/25d1467e-1efe-454a-b49f-4a0d77eb277e.dv	4949.440	29.97	Peley	Play Element	Play Element	None	Hit	None	None	Face_invisible	None	None	None		POINT
2331.881	G:/Oxford/Videos/Bossou videos/2010/0e9ed526-48b5-49c3-9a07-5b1e24e59f3a/25d1467e-1efe-454a-b49f-4a0d77eb277e.dv	4949.440	29.97	Joya	Play Element	Play Element	None	None	Arm-protect,Crouch,Flee	None	Face_invisible	None	None	None		POINT
2332.251	G:/Oxford/Videos/Bossou videos/2010/0e9ed526-48b5-49c3-9a07-5b1e24e59f3a/25d1467e-1efe-454a-b49f-4a0d77eb277e.dv	4949.440	29.97	Peley	Play Element	Play Element	None	Hit	Follow-Other	None	Face_invisible	None	None	None		POINT
2332.918	G:/Oxford/Videos/Bossou videos/2010/0e9ed526-48b5-49c3-9a07-5b1e24e59f3a/25d1467e-1efe-454a-b49f-4a0d77eb277e.dv	4949.440	29.97	Peley	Play Element	Play Element	None	Hit	Follow-Other	None	Face_invisible	None	None	None		POINT
2333.017	G:/Oxford/Videos/Bossou videos/2010/0e9ed526-48b5-49c3-9a07-5b1e24e59f3a/25d1467e-1efe-454a-b49f-4a0d77eb277e.dv	4949.440	29.97	Peley	Play Element	Play Element	None	Hit	Follow-Other	None	Face_invisible	None	None	None		POINT
2333.220	G:/Oxford/Videos/Bossou videos/2010/0e9ed526-48b5-49c3-9a07-5b1e24e59f3a/25d1467e-1efe-454a-b49f-4a0d77eb277e.dv	4949.440	29.97	Peley	Play Element	Play Element	None	Drum	Follow-Other	None	Face_invisible	None	None	None		POINT
2333.718	G:/Oxford/Videos/Bossou videos/2010/0e9ed526-48b5-49c3-9a07-5b1e24e59f3a/25d1467e-1efe-454a-b49f-4a0d77eb277e.dv	4949.440	29.97	Peley	Play Element	Play Element	None	Drum	Follow-Other	None	Face_invisible	None	None	None		POINT
2334.152	G:/Oxford/Videos/Bossou videos/2010/0e9ed526-48b5-49c3-9a07-5b1e24e59f3a/25d1467e-1efe-454a-b49f-4a0d77eb277e.dv	4949.440	29.97	Peley	Play Element	Play Element	None	Drum	Follow-Other	None	Face_invisible	None	None	None		POINT
2334.552	G:/Oxford/Videos/Bossou videos/2010/0e9ed526-48b5-49c3-9a07-5b1e24e59f3a/25d1467e-1efe-454a-b49f-4a0d77eb277e.dv	4949.440	29.97	Peley	Play Element	Play Element	None	Drum	Follow-Other	None	Face_invisible	None	None	None		POINT
2335.253	G:/Oxford/Videos/Bossou videos/2010/0e9ed526-48b5-49c3-9a07-5b1e24e59f3a/25d1467e-1efe-454a-b49f-4a0d77eb277e.dv	4949.440	29.97	Peley	Play Element	Play Element	None	Drum	None	None	Face_invisible	None	None	None		POINT
2335.888	G:/Oxford/Videos/Bossou videos/2010/0e9ed526-48b5-49c3-9a07-5b1e24e59f3a/25d1467e-1efe-454a-b49f-4a0d77eb277e.dv	4949.440	29.97	Peley	Play Element	Play Element	None	Pull	None	None	Face_invisible	None	None	None		POINT
2336.017	G:/Oxford/Videos/Bossou videos/2010/0e9ed526-48b5-49c3-9a07-5b1e24e59f3a/25d1467e-1efe-454a-b49f-4a0d77eb277e.dv	4949.440	29.97	Joya	Play Element	Play Element	None	None	Bipedal	None	Face_invisible	None	None	None		POINT
2336.854	G:/Oxford/Videos/Bossou videos/2010/0e9ed526-48b5-49c3-9a07-5b1e24e59f3a/25d1467e-1efe-454a-b49f-4a0d77eb277e.dv	4949.440	29.97	Peley	Play Element	Play Element	Embrace,Hold	None	None	None	Face_invisible	None	None	None		POINT
2337.120	G:/Oxford/Videos/Bossou videos/2010/0e9ed526-48b5-49c3-9a07-5b1e24e59f3a/25d1467e-1efe-454a-b49f-4a0d77eb277e.dv	4949.440	29.97	Joya	Play Element	Play Element	None	None	Crouch	None	Face_invisible	None	None	None		POINT
2338.086	G:/Oxford/Videos/Bossou videos/2010/0e9ed526-48b5-49c3-9a07-5b1e24e59f3a/25d1467e-1efe-454a-b49f-4a0d77eb277e.dv	4949.440	29.97	Peley	Play Element	Play Element	None	Touch	None	None	Face_invisible	None	None	None		POINT
2338.421	G:/Oxford/Videos/Bossou videos/2010/0e9ed526-48b5-49c3-9a07-5b1e24e59f3a/25d1467e-1efe-454a-b49f-4a0d77eb277e.dv	4949.440	29.97	Joya	Break	Break										POINT
2338.587	G:/Oxford/Videos/Bossou videos/2010/0e9ed526-48b5-49c3-9a07-5b1e24e59f3a/25d1467e-1efe-454a-b49f-4a0d77eb277e.dv	4949.440	29.97	Peley	Break	Break										POINT
2339.388	G:/Oxford/Videos/Bossou videos/2010/0e9ed526-48b5-49c3-9a07-5b1e24e59f3a/25d1467e-1efe-454a-b49f-4a0d77eb277e.dv	4949.440	29.97		End	End	None	Yes								POINT
2367.510	G:/Oxford/Videos/Bossou videos/2010/0e9ed526-48b5-49c3-9a07-5b1e24e59f3a/25d1467e-1efe-454a-b49f-4a0d77eb277e.dv	4949.440	29.97		Start											POINT
2432.213	G:/Oxford/Videos/Bossou videos/2010/0e9ed526-48b5-49c3-9a07-5b1e24e59f3a/25d1467e-1efe-454a-b49f-4a0d77eb277e.dv	4949.440	29.97		Players	Players	Flanle,Joya	Yes	Fanle,Flanle,Joya,Peley							POINT
2433.274	G:/Oxford/Videos/Bossou videos/2010/0e9ed526-48b5-49c3-9a07-5b1e24e59f3a/25d1467e-1efe-454a-b49f-4a0d77eb277e.dv	4949.440	29.97	Flanle	Play Element	Play Element	None	None	Approach	None	Face_invisible	None	None	None		POINT
2433.742	G:/Oxford/Videos/Bossou videos/2010/0e9ed526-48b5-49c3-9a07-5b1e24e59f3a/25d1467e-1efe-454a-b49f-4a0d77eb277e.dv	4949.440	29.97	Flanle	Play Element	Play Element	None	Touch	Bipedal	None	Face_invisible	None	None	None		POINT
2434.050	G:/Oxford/Videos/Bossou videos/2010/0e9ed526-48b5-49c3-9a07-5b1e24e59f3a/25d1467e-1efe-454a-b49f-4a0d77eb277e.dv	4949.440	29.97	Joya	Play Element	Play Element	None	Touch	Bipedal	None	Face_invisible	None	None	None		POINT
2434.107	G:/Oxford/Videos/Bossou videos/2010/0e9ed526-48b5-49c3-9a07-5b1e24e59f3a/25d1467e-1efe-454a-b49f-4a0d77eb277e.dv	4949.440	29.97	Flanle	Play Element	Play Element	Parry	None	Bipedal	None	Face_invisible	None	None	None		POINT
2434.441	G:/Oxford/Videos/Bossou videos/2010/0e9ed526-48b5-49c3-9a07-5b1e24e59f3a/25d1467e-1efe-454a-b49f-4a0d77eb277e.dv	4949.440	29.97	Flanle	Play Element	Play Element	None	None	Retreat	None	Face_invisible	None	None	None		POINT
2434.541	G:/Oxford/Videos/Bossou videos/2010/0e9ed526-48b5-49c3-9a07-5b1e24e59f3a/25d1467e-1efe-454a-b49f-4a0d77eb277e.dv	4949.440	29.97	Flanle	Play Element	Play Element	None	None	None	Feint	Face_invisible	None	None	None		POINT
2434.684	G:/Oxford/Videos/Bossou videos/2010/0e9ed526-48b5-49c3-9a07-5b1e24e59f3a/25d1467e-1efe-454a-b49f-4a0d77eb277e.dv	4949.440	29.97	Joya	Play Element	Play Element	None	None	Retreat	None	Face_invisible	None	None	None		POINT
2435.076	G:/Oxford/Videos/Bossou videos/2010/0e9ed526-48b5-49c3-9a07-5b1e24e59f3a/25d1467e-1efe-454a-b49f-4a0d77eb277e.dv	4949.440	29.97	Flanle	Out Of Sight	Out of Sight										POINT
2435.176	G:/Oxford/Videos/Bossou videos/2010/0e9ed526-48b5-49c3-9a07-5b1e24e59f3a/25d1467e-1efe-454a-b49f-4a0d77eb277e.dv	4949.440	29.97	Joya	Play Element	Play Element	None	None	Bipedal,Hide	None	Face_invisible	None	None	None		POINT
2435.609	G:/Oxford/Videos/Bossou videos/2010/0e9ed526-48b5-49c3-9a07-5b1e24e59f3a/25d1467e-1efe-454a-b49f-4a0d77eb277e.dv	4949.440	29.97	Flanle	Play Element	Play Element	None	None	Circle-tree	None	Face_invisible	None	None	None		POINT
2436.443	G:/Oxford/Videos/Bossou videos/2010/0e9ed526-48b5-49c3-9a07-5b1e24e59f3a/25d1467e-1efe-454a-b49f-4a0d77eb277e.dv	4949.440	29.97	Joya	Play Element	Play Element	None	None	Bipedal	None	Face_invisible	None	None	None		POINT
2436.461	G:/Oxford/Videos/Bossou videos/2010/0e9ed526-48b5-49c3-9a07-5b1e24e59f3a/25d1467e-1efe-454a-b49f-4a0d77eb277e.dv	4949.440	29.97	Joya	Play Element	Play Element	None	None	Bipedal,Retreat-backwards	None	Face_invisible	None	None	None		POINT
2437.712	G:/Oxford/Videos/Bossou videos/2010/0e9ed526-48b5-49c3-9a07-5b1e24e59f3a/25d1467e-1efe-454a-b49f-4a0d77eb277e.dv	4949.440	29.97	Joya	Break	Break										POINT
2437.779	G:/Oxford/Videos/Bossou videos/2010/0e9ed526-48b5-49c3-9a07-5b1e24e59f3a/25d1467e-1efe-454a-b49f-4a0d77eb277e.dv	4949.440	29.97	Flanle	Break	Break										POINT
2438.513	G:/Oxford/Videos/Bossou videos/2010/0e9ed526-48b5-49c3-9a07-5b1e24e59f3a/25d1467e-1efe-454a-b49f-4a0d77eb277e.dv	4949.440	29.97		End	End	None	Yes								POINT
