Observation id	aa6401f0-3d47-4cde-844d-0610f42030ba															
																
Media file(s)																
																
Player #1	G:/Oxford/Videos/Bossou videos/2010/0e9ed526-48b5-49c3-9a07-5b1e24e59f3a/aa6401f0-3d47-4cde-844d-0610f42030ba.dv															
																
Observation date	2021-02-24 17:30:30															
																
Description	aa6401f0-3d47-4cde-844d-0610f42030ba															
																
Time offset (s)	0.0															
																
independent variables																
variable	value															
Observer	Alex															
Group	Bossou															
Date/Time	2000-01-01T00:00:00															
Contains play	yes															
Coded	no															
																
Time	Media file path	Total length	FPS	Subject	Behavior	Behavioral category	Modifier 1	Modifier 2	Modifier 3	Modifier 4	Modifier 5	Modifier 6	Modifier 7	Modifier 8	Comment	Status
1292.695	G:/Oxford/Videos/Bossou videos/2010/0e9ed526-48b5-49c3-9a07-5b1e24e59f3a/aa6401f0-3d47-4cde-844d-0610f42030ba.dv	3759.160	29.97		Comment	Other									Can't really code this in a useful way because up in tree	POINT
1492.729	G:/Oxford/Videos/Bossou videos/2010/0e9ed526-48b5-49c3-9a07-5b1e24e59f3a/aa6401f0-3d47-4cde-844d-0610f42030ba.dv	3759.160	29.97		Solo Play	Solo Play										POINT
2184.421	G:/Oxford/Videos/Bossou videos/2010/0e9ed526-48b5-49c3-9a07-5b1e24e59f3a/aa6401f0-3d47-4cde-844d-0610f42030ba.dv	3759.160	29.97		Comment	Other									"Same problem, completely in tree
"	POINT
2303.543	G:/Oxford/Videos/Bossou videos/2010/0e9ed526-48b5-49c3-9a07-5b1e24e59f3a/aa6401f0-3d47-4cde-844d-0610f42030ba.dv	3759.160	29.97		Comment	Other									"hidden by foliage
"	POINT
2480.933	G:/Oxford/Videos/Bossou videos/2010/0e9ed526-48b5-49c3-9a07-5b1e24e59f3a/aa6401f0-3d47-4cde-844d-0610f42030ba.dv	3759.160	29.97		Comment	Other									hidden by foliage	POINT
2589.490	G:/Oxford/Videos/Bossou videos/2010/0e9ed526-48b5-49c3-9a07-5b1e24e59f3a/aa6401f0-3d47-4cde-844d-0610f42030ba.dv	3759.160	29.97		Solo Play	Solo Play										POINT
2873.360	G:/Oxford/Videos/Bossou videos/2010/0e9ed526-48b5-49c3-9a07-5b1e24e59f3a/aa6401f0-3d47-4cde-844d-0610f42030ba.dv	3759.160	29.97		Players	Players	Flanle,Joya	Yes	Fana,Fanle,Flanle,Foaf,Jeje,Joya,Peley,Tua							POINT
2876.161	G:/Oxford/Videos/Bossou videos/2010/0e9ed526-48b5-49c3-9a07-5b1e24e59f3a/aa6401f0-3d47-4cde-844d-0610f42030ba.dv	3759.160	29.97	Flanle	Play Element	Play Element	None	None	Bipedal	Drum-Tree	Face_invisible	None	None	None		POINT
2876.930	G:/Oxford/Videos/Bossou videos/2010/0e9ed526-48b5-49c3-9a07-5b1e24e59f3a/aa6401f0-3d47-4cde-844d-0610f42030ba.dv	3759.160	29.97	Flanle	Play Element	Play Element	None	None	Bipedal	Drum-Tree	Face_invisible	None	None	None		POINT
2878.131	G:/Oxford/Videos/Bossou videos/2010/0e9ed526-48b5-49c3-9a07-5b1e24e59f3a/aa6401f0-3d47-4cde-844d-0610f42030ba.dv	3759.160	29.97	Flanle	Break	Break										POINT
2879.599	G:/Oxford/Videos/Bossou videos/2010/0e9ed526-48b5-49c3-9a07-5b1e24e59f3a/aa6401f0-3d47-4cde-844d-0610f42030ba.dv	3759.160	29.97	Flanle	Play Element	Play Element	None	None	None	Drum-Tree	Face_invisible	None	None	None		POINT
2882.169	G:/Oxford/Videos/Bossou videos/2010/0e9ed526-48b5-49c3-9a07-5b1e24e59f3a/aa6401f0-3d47-4cde-844d-0610f42030ba.dv	3759.160	29.97	Joya	Play Element	Play Element	None	None	Circle-tree	None	Face_invisible	None	None	None		POINT
2882.801	G:/Oxford/Videos/Bossou videos/2010/0e9ed526-48b5-49c3-9a07-5b1e24e59f3a/aa6401f0-3d47-4cde-844d-0610f42030ba.dv	3759.160	29.97	Flanle	Play Element	Play Element	None	None	Bipedal	None	Face_invisible	None	None	None		POINT
2883.870	G:/Oxford/Videos/Bossou videos/2010/0e9ed526-48b5-49c3-9a07-5b1e24e59f3a/aa6401f0-3d47-4cde-844d-0610f42030ba.dv	3759.160	29.97	Flanle	Play Element	Play Element	Embrace	None	Bipedal	None	Face_invisible	None	None	None		POINT
2884.303	G:/Oxford/Videos/Bossou videos/2010/0e9ed526-48b5-49c3-9a07-5b1e24e59f3a/aa6401f0-3d47-4cde-844d-0610f42030ba.dv	3759.160	29.97	Flanle	Play Element	Play Element	Embrace	Touch	Bipedal	None	Face_invisible	None	None	None		POINT
2885.471	G:/Oxford/Videos/Bossou videos/2010/0e9ed526-48b5-49c3-9a07-5b1e24e59f3a/aa6401f0-3d47-4cde-844d-0610f42030ba.dv	3759.160	29.97	Flanle	Play Element	Play Element	Hold	None	Follow-Other	None	Face_invisible	None	None	None		POINT
2886.273	G:/Oxford/Videos/Bossou videos/2010/0e9ed526-48b5-49c3-9a07-5b1e24e59f3a/aa6401f0-3d47-4cde-844d-0610f42030ba.dv	3759.160	29.97	Flanle	Play Element	Play Element	None	None	Circle-tree,Follow-Other	None	Face_invisible	None	None	None		POINT
2887.107	G:/Oxford/Videos/Bossou videos/2010/0e9ed526-48b5-49c3-9a07-5b1e24e59f3a/aa6401f0-3d47-4cde-844d-0610f42030ba.dv	3759.160	29.97	Joya	Play Element	Play Element	None	None	None	Hide-swing	Play-Face	None	None	None		POINT
2887.474	G:/Oxford/Videos/Bossou videos/2010/0e9ed526-48b5-49c3-9a07-5b1e24e59f3a/aa6401f0-3d47-4cde-844d-0610f42030ba.dv	3759.160	29.97	Flanle	Play Element	Play Element	None	None	Bipedal,Circle-tree	None	Face_invisible	None	None	None		POINT
2888.275	G:/Oxford/Videos/Bossou videos/2010/0e9ed526-48b5-49c3-9a07-5b1e24e59f3a/aa6401f0-3d47-4cde-844d-0610f42030ba.dv	3759.160	29.97	Flanle	Play Element	Play Element	None	None	Circle-tree	Reach	Face_invisible	None	None	None		POINT
2888.409	G:/Oxford/Videos/Bossou videos/2010/0e9ed526-48b5-49c3-9a07-5b1e24e59f3a/aa6401f0-3d47-4cde-844d-0610f42030ba.dv	3759.160	29.97	Joya	Play Element	Play Element	None	None	Bipedal,Circle-tree	None	Face_invisible	None	None	None		POINT
2888.742	G:/Oxford/Videos/Bossou videos/2010/0e9ed526-48b5-49c3-9a07-5b1e24e59f3a/aa6401f0-3d47-4cde-844d-0610f42030ba.dv	3759.160	29.97	Flanle	Play Element	Play Element	None	None	Circle-tree	None	Face_invisible	None	None	None		POINT
2890.110	G:/Oxford/Videos/Bossou videos/2010/0e9ed526-48b5-49c3-9a07-5b1e24e59f3a/aa6401f0-3d47-4cde-844d-0610f42030ba.dv	3759.160	29.97	Joya	Play Element	Play Element	None	None	Circle-tree	None	Face_invisible	None	None	None		POINT
2890.777	G:/Oxford/Videos/Bossou videos/2010/0e9ed526-48b5-49c3-9a07-5b1e24e59f3a/aa6401f0-3d47-4cde-844d-0610f42030ba.dv	3759.160	29.97	Flanle	Play Element	Play Element	None	None	Circle-tree	Reach	Face_invisible	None	None	None		POINT
2891.144	G:/Oxford/Videos/Bossou videos/2010/0e9ed526-48b5-49c3-9a07-5b1e24e59f3a/aa6401f0-3d47-4cde-844d-0610f42030ba.dv	3759.160	29.97	Flanle	Play Element	Play Element	None	None	Circle-tree	None	Face_invisible	None	None	None		POINT
2891.544	G:/Oxford/Videos/Bossou videos/2010/0e9ed526-48b5-49c3-9a07-5b1e24e59f3a/aa6401f0-3d47-4cde-844d-0610f42030ba.dv	3759.160	29.97	Flanle	Play Element	Play Element	Hold	None	Circle-tree	None	Face_invisible	None	None	None		POINT
2892.644	G:/Oxford/Videos/Bossou videos/2010/0e9ed526-48b5-49c3-9a07-5b1e24e59f3a/aa6401f0-3d47-4cde-844d-0610f42030ba.dv	3759.160	29.97	Flanle	Play Element	Play Element	Hold	None	Bipedal,Follow-Other	None	Face_invisible	None	None	None		POINT
2892.880	G:/Oxford/Videos/Bossou videos/2010/0e9ed526-48b5-49c3-9a07-5b1e24e59f3a/aa6401f0-3d47-4cde-844d-0610f42030ba.dv	3759.160	29.97	Joya	Play Element	Play Element	None	Pull	None	None	Face_invisible	None	None	None		POINT
2894.481	G:/Oxford/Videos/Bossou videos/2010/0e9ed526-48b5-49c3-9a07-5b1e24e59f3a/aa6401f0-3d47-4cde-844d-0610f42030ba.dv	3759.160	29.97	Joya	Play Element	Play Element	Embrace,Hold	None	None	None	Face_invisible	None	None	None		POINT
2894.546	G:/Oxford/Videos/Bossou videos/2010/0e9ed526-48b5-49c3-9a07-5b1e24e59f3a/aa6401f0-3d47-4cde-844d-0610f42030ba.dv	3759.160	29.97	Flanle	Play Element	Play Element	Hold	Bite	Crouch	None	Face_invisible	None	None	None		POINT
2896.182	G:/Oxford/Videos/Bossou videos/2010/0e9ed526-48b5-49c3-9a07-5b1e24e59f3a/aa6401f0-3d47-4cde-844d-0610f42030ba.dv	3759.160	29.97	Joya	Play Element	Play Element	None	Pull	None	None	Face_invisible	None	None	None		POINT
2896.817	G:/Oxford/Videos/Bossou videos/2010/0e9ed526-48b5-49c3-9a07-5b1e24e59f3a/aa6401f0-3d47-4cde-844d-0610f42030ba.dv	3759.160	29.97	Flanle	Play Element	Play Element	Hold	None	Crouch	None	Face_invisible	None	None	None		POINT
2896.983	G:/Oxford/Videos/Bossou videos/2010/0e9ed526-48b5-49c3-9a07-5b1e24e59f3a/aa6401f0-3d47-4cde-844d-0610f42030ba.dv	3759.160	29.97	Joya	Play Element	Play Element	None	Touch	None	None	Face_invisible	None	None	None		POINT
2897.350	G:/Oxford/Videos/Bossou videos/2010/0e9ed526-48b5-49c3-9a07-5b1e24e59f3a/aa6401f0-3d47-4cde-844d-0610f42030ba.dv	3759.160	29.97		Intervention	Intervention	Disrupt	Jeje								POINT
2897.751	G:/Oxford/Videos/Bossou videos/2010/0e9ed526-48b5-49c3-9a07-5b1e24e59f3a/aa6401f0-3d47-4cde-844d-0610f42030ba.dv	3759.160	29.97	Joya	Break	Break										POINT
2897.918	G:/Oxford/Videos/Bossou videos/2010/0e9ed526-48b5-49c3-9a07-5b1e24e59f3a/aa6401f0-3d47-4cde-844d-0610f42030ba.dv	3759.160	29.97	Flanle	Break	Break										POINT
2898.452	G:/Oxford/Videos/Bossou videos/2010/0e9ed526-48b5-49c3-9a07-5b1e24e59f3a/aa6401f0-3d47-4cde-844d-0610f42030ba.dv	3759.160	29.97		End	End	Flee	Yes								POINT
2939.159	G:/Oxford/Videos/Bossou videos/2010/0e9ed526-48b5-49c3-9a07-5b1e24e59f3a/aa6401f0-3d47-4cde-844d-0610f42030ba.dv	3759.160	29.97		Players	Players	Flanle,Joya	Yes	Fana,Fanle,Flanle,Foaf,Jeje,Joya,Peley,Tua							POINT
2941.439	G:/Oxford/Videos/Bossou videos/2010/0e9ed526-48b5-49c3-9a07-5b1e24e59f3a/aa6401f0-3d47-4cde-844d-0610f42030ba.dv	3759.160	29.97	Flanle	Play Element	Play Element	None	Hit	None	None	Face_invisible	None	None	None		POINT
2941.740	G:/Oxford/Videos/Bossou videos/2010/0e9ed526-48b5-49c3-9a07-5b1e24e59f3a/aa6401f0-3d47-4cde-844d-0610f42030ba.dv	3759.160	29.97	Flanle	Play Element	Play Element	Hold	None	Bipedal	None	Face_invisible	None	None	None		POINT
2942.037	G:/Oxford/Videos/Bossou videos/2010/0e9ed526-48b5-49c3-9a07-5b1e24e59f3a/aa6401f0-3d47-4cde-844d-0610f42030ba.dv	3759.160	29.97	Joya	Play Element	Play Element	Parry	None	None	None	Face_invisible	None	None	None		POINT
2942.440	G:/Oxford/Videos/Bossou videos/2010/0e9ed526-48b5-49c3-9a07-5b1e24e59f3a/aa6401f0-3d47-4cde-844d-0610f42030ba.dv	3759.160	29.97	Flanle	Play Element	Play Element	Hold	Hit	Bipedal	None	Face_invisible	None	None	None		POINT
2942.604	G:/Oxford/Videos/Bossou videos/2010/0e9ed526-48b5-49c3-9a07-5b1e24e59f3a/aa6401f0-3d47-4cde-844d-0610f42030ba.dv	3759.160	29.97	Joya	Play Element	Play Element	Hold	None	None	None	Face_invisible	None	None	None		POINT
2942.873	G:/Oxford/Videos/Bossou videos/2010/0e9ed526-48b5-49c3-9a07-5b1e24e59f3a/aa6401f0-3d47-4cde-844d-0610f42030ba.dv	3759.160	29.97	Flanle	Play Element	Play Element	None	None	Retreat	None	Face_invisible	None	None	None		POINT
2943.405	G:/Oxford/Videos/Bossou videos/2010/0e9ed526-48b5-49c3-9a07-5b1e24e59f3a/aa6401f0-3d47-4cde-844d-0610f42030ba.dv	3759.160	29.97	Joya	Play Element	Play Element	None	None	Follow-Other	None	Face_invisible	None	None	None		POINT
2944.439	G:/Oxford/Videos/Bossou videos/2010/0e9ed526-48b5-49c3-9a07-5b1e24e59f3a/aa6401f0-3d47-4cde-844d-0610f42030ba.dv	3759.160	29.97	Joya	Break	Break										POINT
2945.076	G:/Oxford/Videos/Bossou videos/2010/0e9ed526-48b5-49c3-9a07-5b1e24e59f3a/aa6401f0-3d47-4cde-844d-0610f42030ba.dv	3759.160	29.97	Flanle	Play Element	Play Element	None	None	Bipedal	Drum-Tree	Face_invisible	None	None	None		POINT
2946.243	G:/Oxford/Videos/Bossou videos/2010/0e9ed526-48b5-49c3-9a07-5b1e24e59f3a/aa6401f0-3d47-4cde-844d-0610f42030ba.dv	3759.160	29.97	Flanle	Play Element	Play Element	None	None	Approach	None	Face_invisible	None	None	None		POINT
2947.176	G:/Oxford/Videos/Bossou videos/2010/0e9ed526-48b5-49c3-9a07-5b1e24e59f3a/aa6401f0-3d47-4cde-844d-0610f42030ba.dv	3759.160	29.97	Joya	Play Element	Play Element	None	None	None	Reach	Face_invisible	None	None	None		POINT
2947.845	G:/Oxford/Videos/Bossou videos/2010/0e9ed526-48b5-49c3-9a07-5b1e24e59f3a/aa6401f0-3d47-4cde-844d-0610f42030ba.dv	3759.160	29.97	Flanle	Play Element	Play Element	Hold	None	None	Pass	Face_invisible	None	None	None		POINT
2949.181	G:/Oxford/Videos/Bossou videos/2010/0e9ed526-48b5-49c3-9a07-5b1e24e59f3a/aa6401f0-3d47-4cde-844d-0610f42030ba.dv	3759.160	29.97	Flanle	Play Element	Play Element	Hold	Pull	Bipedal	None	Face_invisible	None	None	None		POINT
2949.980	G:/Oxford/Videos/Bossou videos/2010/0e9ed526-48b5-49c3-9a07-5b1e24e59f3a/aa6401f0-3d47-4cde-844d-0610f42030ba.dv	3759.160	29.97	Flanle	Play Element	Play Element	Hold	None	Bipedal	None	Face_invisible	None	None	None		POINT
2950.154	G:/Oxford/Videos/Bossou videos/2010/0e9ed526-48b5-49c3-9a07-5b1e24e59f3a/aa6401f0-3d47-4cde-844d-0610f42030ba.dv	3759.160	29.97	Joya	Play Element	Play Element	None	Push	None	None	Face_invisible	None	None	None		POINT
2950.715	G:/Oxford/Videos/Bossou videos/2010/0e9ed526-48b5-49c3-9a07-5b1e24e59f3a/aa6401f0-3d47-4cde-844d-0610f42030ba.dv	3759.160	29.97	Flanle	Play Element	Play Element	Mount	None	Bipedal	None	Face_invisible	None	None	None		POINT
2951.603	G:/Oxford/Videos/Bossou videos/2010/0e9ed526-48b5-49c3-9a07-5b1e24e59f3a/aa6401f0-3d47-4cde-844d-0610f42030ba.dv	3759.160	29.97	Joya	Play Element	Play Element	Hold	None	None	None	Face_invisible	None	None	None		POINT
2953.217	G:/Oxford/Videos/Bossou videos/2010/0e9ed526-48b5-49c3-9a07-5b1e24e59f3a/aa6401f0-3d47-4cde-844d-0610f42030ba.dv	3759.160	29.97	Flanle	Play Element	Play Element	Hold	None	Retreat	None	Face_invisible	None	None	None		POINT
2953.425	G:/Oxford/Videos/Bossou videos/2010/0e9ed526-48b5-49c3-9a07-5b1e24e59f3a/aa6401f0-3d47-4cde-844d-0610f42030ba.dv	3759.160	29.97	Joya	Play Element	Play Element	Hold	Trip	None	None	Face_invisible	None	None	None		POINT
2954.185	G:/Oxford/Videos/Bossou videos/2010/0e9ed526-48b5-49c3-9a07-5b1e24e59f3a/aa6401f0-3d47-4cde-844d-0610f42030ba.dv	3759.160	29.97	Flanle	Play Element	Play Element	Hold	Shake-off	None	None	Face_invisible	None	None	None		POINT
2954.359	G:/Oxford/Videos/Bossou videos/2010/0e9ed526-48b5-49c3-9a07-5b1e24e59f3a/aa6401f0-3d47-4cde-844d-0610f42030ba.dv	3759.160	29.97	Joya	Play Element	Play Element	Hold	None	None	None	Face_invisible	None	None	None		POINT
2954.853	G:/Oxford/Videos/Bossou videos/2010/0e9ed526-48b5-49c3-9a07-5b1e24e59f3a/aa6401f0-3d47-4cde-844d-0610f42030ba.dv	3759.160	29.97	Flanle	Play Element	Play Element	Hold	None	None	None	Face_invisible	None	None	None		POINT
2955.292	G:/Oxford/Videos/Bossou videos/2010/0e9ed526-48b5-49c3-9a07-5b1e24e59f3a/aa6401f0-3d47-4cde-844d-0610f42030ba.dv	3759.160	29.97	Joya	Play Element	Play Element	Hold	None	Follow-Other	None	Face_invisible	None	None	None		POINT
2955.820	G:/Oxford/Videos/Bossou videos/2010/0e9ed526-48b5-49c3-9a07-5b1e24e59f3a/aa6401f0-3d47-4cde-844d-0610f42030ba.dv	3759.160	29.97	Flanle	Play Element	Play Element	None	Pull	Circle-partner	None	Face_invisible	None	None	None		POINT
2957.830	G:/Oxford/Videos/Bossou videos/2010/0e9ed526-48b5-49c3-9a07-5b1e24e59f3a/aa6401f0-3d47-4cde-844d-0610f42030ba.dv	3759.160	29.97	Joya	Play Element	Play Element	Hold	None	Bipedal	None	Face_invisible	None	None	None		POINT
2958.522	G:/Oxford/Videos/Bossou videos/2010/0e9ed526-48b5-49c3-9a07-5b1e24e59f3a/aa6401f0-3d47-4cde-844d-0610f42030ba.dv	3759.160	29.97	Flanle	Play Element	Play Element	Mount	None	Bipedal	None	Face_invisible	None	None	None		POINT
2960.358	G:/Oxford/Videos/Bossou videos/2010/0e9ed526-48b5-49c3-9a07-5b1e24e59f3a/aa6401f0-3d47-4cde-844d-0610f42030ba.dv	3759.160	29.97	Flanle	Play Element	Play Element	Embrace	None	Bipedal	None	Face_invisible	None	None	None		POINT
2961.927	G:/Oxford/Videos/Bossou videos/2010/0e9ed526-48b5-49c3-9a07-5b1e24e59f3a/aa6401f0-3d47-4cde-844d-0610f42030ba.dv	3759.160	29.97	Flanle	Play Element	Play Element	Hold	None	None	None	Face_invisible	None	None	None		POINT
2962.934	G:/Oxford/Videos/Bossou videos/2010/0e9ed526-48b5-49c3-9a07-5b1e24e59f3a/aa6401f0-3d47-4cde-844d-0610f42030ba.dv	3759.160	29.97	Joya	Play Element	Play Element	Hold	None	Crouch	None	Face_invisible	None	None	None		POINT
2962.994	G:/Oxford/Videos/Bossou videos/2010/0e9ed526-48b5-49c3-9a07-5b1e24e59f3a/aa6401f0-3d47-4cde-844d-0610f42030ba.dv	3759.160	29.97	Flanle	Play Element	Play Element	Mount	None	Bipedal	None	Face_invisible	None	None	None		POINT
2964.129	G:/Oxford/Videos/Bossou videos/2010/0e9ed526-48b5-49c3-9a07-5b1e24e59f3a/aa6401f0-3d47-4cde-844d-0610f42030ba.dv	3759.160	29.97	Flanle	Play Element	Play Element	Mount,Press-down	None	None	None	Face_invisible	None	None	None		POINT
2968.238	G:/Oxford/Videos/Bossou videos/2010/0e9ed526-48b5-49c3-9a07-5b1e24e59f3a/aa6401f0-3d47-4cde-844d-0610f42030ba.dv	3759.160	29.97	Joya	Play Element	Play Element	Embrace	None	Lie-down	None	Face_invisible	None	None	None		POINT
2968.533	G:/Oxford/Videos/Bossou videos/2010/0e9ed526-48b5-49c3-9a07-5b1e24e59f3a/aa6401f0-3d47-4cde-844d-0610f42030ba.dv	3759.160	29.97	Flanle	Play Element	Play Element	Grabble/Wrestle,Mount	None	None	None	Face_invisible	None	None	None		POINT
2969.677	G:/Oxford/Videos/Bossou videos/2010/0e9ed526-48b5-49c3-9a07-5b1e24e59f3a/aa6401f0-3d47-4cde-844d-0610f42030ba.dv	3759.160	29.97	Joya	Out Of Sight	Out of Sight										POINT
2969.834	G:/Oxford/Videos/Bossou videos/2010/0e9ed526-48b5-49c3-9a07-5b1e24e59f3a/aa6401f0-3d47-4cde-844d-0610f42030ba.dv	3759.160	29.97	Flanle	Out Of Sight	Out of Sight										POINT
2980.544	G:/Oxford/Videos/Bossou videos/2010/0e9ed526-48b5-49c3-9a07-5b1e24e59f3a/aa6401f0-3d47-4cde-844d-0610f42030ba.dv	3759.160	29.97	Flanle	Play Element	Play Element	None	Hit	Bipedal	None	Face_invisible	None	None	None		POINT
2981.279	G:/Oxford/Videos/Bossou videos/2010/0e9ed526-48b5-49c3-9a07-5b1e24e59f3a/aa6401f0-3d47-4cde-844d-0610f42030ba.dv	3759.160	29.97	Flanle	Play Element	Play Element	Press-down	None	Bipedal	None	Face_invisible	None	None	None		POINT
2981.945	G:/Oxford/Videos/Bossou videos/2010/0e9ed526-48b5-49c3-9a07-5b1e24e59f3a/aa6401f0-3d47-4cde-844d-0610f42030ba.dv	3759.160	29.97	Flanle	Play Element	Play Element	None	Step-on	None	None	Face_invisible	None	None	None		POINT
2983.448	G:/Oxford/Videos/Bossou videos/2010/0e9ed526-48b5-49c3-9a07-5b1e24e59f3a/aa6401f0-3d47-4cde-844d-0610f42030ba.dv	3759.160	29.97	Flanle	Play Element	Play Element	Grabble/Wrestle	None	None	None	Face_invisible	None	None	None		POINT
2997.695	G:/Oxford/Videos/Bossou videos/2010/0e9ed526-48b5-49c3-9a07-5b1e24e59f3a/aa6401f0-3d47-4cde-844d-0610f42030ba.dv	3759.160	29.97	Flanle	Play Element	Play Element	None	Shake-off	Retreat	None	Face_invisible	None	None	None		POINT
2998.962	G:/Oxford/Videos/Bossou videos/2010/0e9ed526-48b5-49c3-9a07-5b1e24e59f3a/aa6401f0-3d47-4cde-844d-0610f42030ba.dv	3759.160	29.97	Flanle	Play Element	Play Element	None	Pull	Retreat	None	Face_invisible	None	None	None		POINT
2999.230	G:/Oxford/Videos/Bossou videos/2010/0e9ed526-48b5-49c3-9a07-5b1e24e59f3a/aa6401f0-3d47-4cde-844d-0610f42030ba.dv	3759.160	29.97	Joya	Play Element	Play Element	None	None	Lie-down	Arm-raise	Face_invisible	None	None	None		POINT
3000.532	G:/Oxford/Videos/Bossou videos/2010/0e9ed526-48b5-49c3-9a07-5b1e24e59f3a/aa6401f0-3d47-4cde-844d-0610f42030ba.dv	3759.160	29.97	Flanle	Play Element	Play Element	Hold	None	None	None	Face_invisible	None	None	None		POINT
3001.331	G:/Oxford/Videos/Bossou videos/2010/0e9ed526-48b5-49c3-9a07-5b1e24e59f3a/aa6401f0-3d47-4cde-844d-0610f42030ba.dv	3759.160	29.97	Flanle	Play Element	Play Element	None	Hit	Bipedal	None	Face_invisible	None	None	None		POINT
3001.565	G:/Oxford/Videos/Bossou videos/2010/0e9ed526-48b5-49c3-9a07-5b1e24e59f3a/aa6401f0-3d47-4cde-844d-0610f42030ba.dv	3759.160	29.97	Joya	Play Element	Play Element	Grabble/Wrestle	None	Lie-down	None	Face_invisible	None	None	None		POINT
3001.798	G:/Oxford/Videos/Bossou videos/2010/0e9ed526-48b5-49c3-9a07-5b1e24e59f3a/aa6401f0-3d47-4cde-844d-0610f42030ba.dv	3759.160	29.97	Flanle	Play Element	Play Element	Mount	Hit	None	None	Face_invisible	None	None	None		POINT
3002.633	G:/Oxford/Videos/Bossou videos/2010/0e9ed526-48b5-49c3-9a07-5b1e24e59f3a/aa6401f0-3d47-4cde-844d-0610f42030ba.dv	3759.160	29.97	Flanle	Play Element	Play Element	Press-down	None	None	None	Face_invisible	None	None	None		POINT
3003.801	G:/Oxford/Videos/Bossou videos/2010/0e9ed526-48b5-49c3-9a07-5b1e24e59f3a/aa6401f0-3d47-4cde-844d-0610f42030ba.dv	3759.160	29.97	Flanle	Play Element	Play Element	Grabble/Wrestle	None	Lie-down	None	Face_invisible	None	None	None		POINT
3012.510	G:/Oxford/Videos/Bossou videos/2010/0e9ed526-48b5-49c3-9a07-5b1e24e59f3a/aa6401f0-3d47-4cde-844d-0610f42030ba.dv	3759.160	29.97	Flanle	Break	Break										POINT
3014.044	G:/Oxford/Videos/Bossou videos/2010/0e9ed526-48b5-49c3-9a07-5b1e24e59f3a/aa6401f0-3d47-4cde-844d-0610f42030ba.dv	3759.160	29.97	Joya	Break	Break										POINT
3016.714	G:/Oxford/Videos/Bossou videos/2010/0e9ed526-48b5-49c3-9a07-5b1e24e59f3a/aa6401f0-3d47-4cde-844d-0610f42030ba.dv	3759.160	29.97		End	End	None	Yes								POINT
3093.816	G:/Oxford/Videos/Bossou videos/2010/0e9ed526-48b5-49c3-9a07-5b1e24e59f3a/aa6401f0-3d47-4cde-844d-0610f42030ba.dv	3759.160	29.97		Players	Players	Flanle,Joya	Yes	Fana,Fanle,Flanle,Foaf,Jeje,Joya,Peley,Tua							POINT
3095.718	G:/Oxford/Videos/Bossou videos/2010/0e9ed526-48b5-49c3-9a07-5b1e24e59f3a/aa6401f0-3d47-4cde-844d-0610f42030ba.dv	3759.160	29.97	Joya	Play Element	Play Element	None	None	None	Loud-scratch	Face_invisible	None	None	None		POINT
3096.520	G:/Oxford/Videos/Bossou videos/2010/0e9ed526-48b5-49c3-9a07-5b1e24e59f3a/aa6401f0-3d47-4cde-844d-0610f42030ba.dv	3759.160	29.97	Flanle	Play Element	Play Element	None	None	Bipedal,Retreat-backwards	None	Face_invisible	None	None	None		POINT
3097.021	G:/Oxford/Videos/Bossou videos/2010/0e9ed526-48b5-49c3-9a07-5b1e24e59f3a/aa6401f0-3d47-4cde-844d-0610f42030ba.dv	3759.160	29.97	Flanle	Play Element	Play Element	None	None	None	Press-ground,Stomp	Face_invisible	None	None	None		POINT
3098.288	G:/Oxford/Videos/Bossou videos/2010/0e9ed526-48b5-49c3-9a07-5b1e24e59f3a/aa6401f0-3d47-4cde-844d-0610f42030ba.dv	3759.160	29.97	Flanle	Play Element	Play Element	None	None	None	Press-ground,Stomp	Face_invisible	None	None	None		POINT
3099.389	G:/Oxford/Videos/Bossou videos/2010/0e9ed526-48b5-49c3-9a07-5b1e24e59f3a/aa6401f0-3d47-4cde-844d-0610f42030ba.dv	3759.160	29.97	Flanle	Play Element	Play Element	None	None	None	Stomp	Face_invisible	None	None	None		POINT
3100.023	G:/Oxford/Videos/Bossou videos/2010/0e9ed526-48b5-49c3-9a07-5b1e24e59f3a/aa6401f0-3d47-4cde-844d-0610f42030ba.dv	3759.160	29.97	Flanle	Play Element	Play Element	None	None	Approach	Bow,Drum-Tree	Face_invisible	None	None	None		POINT
3101.257	G:/Oxford/Videos/Bossou videos/2010/0e9ed526-48b5-49c3-9a07-5b1e24e59f3a/aa6401f0-3d47-4cde-844d-0610f42030ba.dv	3759.160	29.97	Joya	Play Element	Play Element	None	None	Approach	None	Face_invisible	None	None	None		POINT
3101.258	G:/Oxford/Videos/Bossou videos/2010/0e9ed526-48b5-49c3-9a07-5b1e24e59f3a/aa6401f0-3d47-4cde-844d-0610f42030ba.dv	3759.160	29.97	Flanle	Play Element	Play Element	None	None	Retreat	None	Face_invisible	None	None	None		POINT
3103.494	G:/Oxford/Videos/Bossou videos/2010/0e9ed526-48b5-49c3-9a07-5b1e24e59f3a/aa6401f0-3d47-4cde-844d-0610f42030ba.dv	3759.160	29.97	Joya	Play Element	Play Element	None	None	Retreat	None	Face_invisible	None	None	None		POINT
3103.961	G:/Oxford/Videos/Bossou videos/2010/0e9ed526-48b5-49c3-9a07-5b1e24e59f3a/aa6401f0-3d47-4cde-844d-0610f42030ba.dv	3759.160	29.97	Flanle	Play Element	Play Element	None	None	Follow-Other	None	Face_invisible	None	None	None		POINT
3106.863	G:/Oxford/Videos/Bossou videos/2010/0e9ed526-48b5-49c3-9a07-5b1e24e59f3a/aa6401f0-3d47-4cde-844d-0610f42030ba.dv	3759.160	29.97	Joya	Play Element	Play Element	None	None	Flee	None	Face_invisible	None	None	None		POINT
3107.296	G:/Oxford/Videos/Bossou videos/2010/0e9ed526-48b5-49c3-9a07-5b1e24e59f3a/aa6401f0-3d47-4cde-844d-0610f42030ba.dv	3759.160	29.97	Flanle	Play Element	Play Element	None	None	Chase	None	Face_invisible	None	None	None		POINT
3107.664	G:/Oxford/Videos/Bossou videos/2010/0e9ed526-48b5-49c3-9a07-5b1e24e59f3a/aa6401f0-3d47-4cde-844d-0610f42030ba.dv	3759.160	29.97	Joya	Play Element	Play Element	None	None	Bipedal	Hide-swing	Face_invisible	None	None	None		POINT
3108.900	G:/Oxford/Videos/Bossou videos/2010/0e9ed526-48b5-49c3-9a07-5b1e24e59f3a/aa6401f0-3d47-4cde-844d-0610f42030ba.dv	3759.160	29.97	Flanle	Play Element	Play Element	Embrace	None	Bipedal	None	Face_invisible	None	None	None		POINT
3109.199	G:/Oxford/Videos/Bossou videos/2010/0e9ed526-48b5-49c3-9a07-5b1e24e59f3a/aa6401f0-3d47-4cde-844d-0610f42030ba.dv	3759.160	29.97	Joya	Play Element	Play Element	None	Step-on	Bipedal	None	Face_invisible	None	None	None		POINT
3109.399	G:/Oxford/Videos/Bossou videos/2010/0e9ed526-48b5-49c3-9a07-5b1e24e59f3a/aa6401f0-3d47-4cde-844d-0610f42030ba.dv	3759.160	29.97	Flanle	Play Element	Play Element	None	None	Retreat	None	Face_invisible	None	None	None		POINT
3109.801	G:/Oxford/Videos/Bossou videos/2010/0e9ed526-48b5-49c3-9a07-5b1e24e59f3a/aa6401f0-3d47-4cde-844d-0610f42030ba.dv	3759.160	29.97	Flanle	Play Element	Play Element	None	None	None	Pirouette	Face_invisible	None	None	None		POINT
3110.468	G:/Oxford/Videos/Bossou videos/2010/0e9ed526-48b5-49c3-9a07-5b1e24e59f3a/aa6401f0-3d47-4cde-844d-0610f42030ba.dv	3759.160	29.97	Flanle	Play Element	Play Element	None	Hit	Bipedal	None	Face_invisible	None	None	None		POINT
3110.568	G:/Oxford/Videos/Bossou videos/2010/0e9ed526-48b5-49c3-9a07-5b1e24e59f3a/aa6401f0-3d47-4cde-844d-0610f42030ba.dv	3759.160	29.97	Joya	Play Element	Play Element	Parry	None	Bipedal	None	Face_invisible	None	None	None		POINT
3110.835	G:/Oxford/Videos/Bossou videos/2010/0e9ed526-48b5-49c3-9a07-5b1e24e59f3a/aa6401f0-3d47-4cde-844d-0610f42030ba.dv	3759.160	29.97	Flanle	Play Element	Play Element	None	Push	Bipedal	None	Face_invisible	None	None	None		POINT
3111.168	G:/Oxford/Videos/Bossou videos/2010/0e9ed526-48b5-49c3-9a07-5b1e24e59f3a/aa6401f0-3d47-4cde-844d-0610f42030ba.dv	3759.160	29.97	Flanle	Play Element	Play Element	None	Head-butt	None	None	Face_invisible	None	None	None		POINT
3111.334	G:/Oxford/Videos/Bossou videos/2010/0e9ed526-48b5-49c3-9a07-5b1e24e59f3a/aa6401f0-3d47-4cde-844d-0610f42030ba.dv	3759.160	29.97	Joya	Play Element	Play Element	None	None	Bipedal,Retreat-backwards	None	Face_invisible	None	None	None		POINT
3111.634	G:/Oxford/Videos/Bossou videos/2010/0e9ed526-48b5-49c3-9a07-5b1e24e59f3a/aa6401f0-3d47-4cde-844d-0610f42030ba.dv	3759.160	29.97	Flanle	Play Element	Play Element	None	None	Retreat	None	Face_invisible	None	None	None		POINT
3111.902	G:/Oxford/Videos/Bossou videos/2010/0e9ed526-48b5-49c3-9a07-5b1e24e59f3a/aa6401f0-3d47-4cde-844d-0610f42030ba.dv	3759.160	29.97	Joya	Play Element	Play Element	Press-down	Push	None	None	Face_invisible	None	None	None		POINT
3112.137	G:/Oxford/Videos/Bossou videos/2010/0e9ed526-48b5-49c3-9a07-5b1e24e59f3a/aa6401f0-3d47-4cde-844d-0610f42030ba.dv	3759.160	29.97	Flanle	Play Element	Play Element	None	Pull	None	None	Face_invisible	None	None	None		POINT
3112.468	G:/Oxford/Videos/Bossou videos/2010/0e9ed526-48b5-49c3-9a07-5b1e24e59f3a/aa6401f0-3d47-4cde-844d-0610f42030ba.dv	3759.160	29.97	Joya	Play Element	Play Element	None	Pull	None	None	Face_invisible	None	None	None		POINT
3112.569	G:/Oxford/Videos/Bossou videos/2010/0e9ed526-48b5-49c3-9a07-5b1e24e59f3a/aa6401f0-3d47-4cde-844d-0610f42030ba.dv	3759.160	29.97	Joya	Play Element	Play Element	Hold	None	None	None	Face_invisible	None	None	None		POINT
3113.003	G:/Oxford/Videos/Bossou videos/2010/0e9ed526-48b5-49c3-9a07-5b1e24e59f3a/aa6401f0-3d47-4cde-844d-0610f42030ba.dv	3759.160	29.97	Flanle	Play Element	Play Element	None	Push	Bipedal	None	Face_invisible	None	None	None		POINT
3113.403	G:/Oxford/Videos/Bossou videos/2010/0e9ed526-48b5-49c3-9a07-5b1e24e59f3a/aa6401f0-3d47-4cde-844d-0610f42030ba.dv	3759.160	29.97	Flanle	Play Element	Play Element	Parry	None	Bipedal	None	Face_invisible	None	None	None		POINT
3113.436	G:/Oxford/Videos/Bossou videos/2010/0e9ed526-48b5-49c3-9a07-5b1e24e59f3a/aa6401f0-3d47-4cde-844d-0610f42030ba.dv	3759.160	29.97	Joya	Play Element	Play Element	Hold	None	Bipedal	None	Face_invisible	None	None	None		POINT
3113.669	G:/Oxford/Videos/Bossou videos/2010/0e9ed526-48b5-49c3-9a07-5b1e24e59f3a/aa6401f0-3d47-4cde-844d-0610f42030ba.dv	3759.160	29.97	Joya	Play Element	Play Element	Hold	Hit	None	None	Face_invisible	None	None	None		POINT
3113.871	G:/Oxford/Videos/Bossou videos/2010/0e9ed526-48b5-49c3-9a07-5b1e24e59f3a/aa6401f0-3d47-4cde-844d-0610f42030ba.dv	3759.160	29.97	Joya	Play Element	Play Element	None	Pull	Bipedal	None	Face_invisible	None	None	None		POINT
3114.004	G:/Oxford/Videos/Bossou videos/2010/0e9ed526-48b5-49c3-9a07-5b1e24e59f3a/aa6401f0-3d47-4cde-844d-0610f42030ba.dv	3759.160	29.97	Flanle	Play Element	Play Element	None	None	None	Bow	Face_invisible	None	None	None		POINT
3114.605	G:/Oxford/Videos/Bossou videos/2010/0e9ed526-48b5-49c3-9a07-5b1e24e59f3a/aa6401f0-3d47-4cde-844d-0610f42030ba.dv	3759.160	29.97	Joya	Play Element	Play Element	None	Pull	Bipedal,Retreat-backwards	None	Face_invisible	None	None	None		POINT
3115.171	G:/Oxford/Videos/Bossou videos/2010/0e9ed526-48b5-49c3-9a07-5b1e24e59f3a/aa6401f0-3d47-4cde-844d-0610f42030ba.dv	3759.160	29.97	Joya	Play Element	Play Element	None	None	Bipedal	None	Face_invisible	None	None	None		POINT
3115.339	G:/Oxford/Videos/Bossou videos/2010/0e9ed526-48b5-49c3-9a07-5b1e24e59f3a/aa6401f0-3d47-4cde-844d-0610f42030ba.dv	3759.160	29.97	Flanle	Play Element	Play Element	None	None	None	Charge	Face_invisible	None	None	None		POINT
3115.638	G:/Oxford/Videos/Bossou videos/2010/0e9ed526-48b5-49c3-9a07-5b1e24e59f3a/aa6401f0-3d47-4cde-844d-0610f42030ba.dv	3759.160	29.97	Joya	Play Element	Play Element	None	Hit	Bipedal,Retreat-backwards	None	Face_invisible	None	None	None		POINT
3115.673	G:/Oxford/Videos/Bossou videos/2010/0e9ed526-48b5-49c3-9a07-5b1e24e59f3a/aa6401f0-3d47-4cde-844d-0610f42030ba.dv	3759.160	29.97	Flanle	Play Element	Play Element	None	None	None	Reach	Face_invisible	None	None	None		POINT
3116.473	G:/Oxford/Videos/Bossou videos/2010/0e9ed526-48b5-49c3-9a07-5b1e24e59f3a/aa6401f0-3d47-4cde-844d-0610f42030ba.dv	3759.160	29.97	Joya	Play Element	Play Element	Hold	None	Bipedal	None	Face_invisible	None	None	None		POINT
3116.541	G:/Oxford/Videos/Bossou videos/2010/0e9ed526-48b5-49c3-9a07-5b1e24e59f3a/aa6401f0-3d47-4cde-844d-0610f42030ba.dv	3759.160	29.97	Flanle	Out Of Sight	Out of Sight										POINT
3116.909	G:/Oxford/Videos/Bossou videos/2010/0e9ed526-48b5-49c3-9a07-5b1e24e59f3a/aa6401f0-3d47-4cde-844d-0610f42030ba.dv	3759.160	29.97	Flanle	Play Element	Play Element	None	Hit	Bipedal	None	Face_invisible	None	None	None		POINT
3117.273	G:/Oxford/Videos/Bossou videos/2010/0e9ed526-48b5-49c3-9a07-5b1e24e59f3a/aa6401f0-3d47-4cde-844d-0610f42030ba.dv	3759.160	29.97	Joya	Play Element	Play Element	Grabble/Wrestle	None	Bipedal	None	Face_invisible	None	None	None		POINT
3117.375	G:/Oxford/Videos/Bossou videos/2010/0e9ed526-48b5-49c3-9a07-5b1e24e59f3a/aa6401f0-3d47-4cde-844d-0610f42030ba.dv	3759.160	29.97	Flanle	Play Element	Play Element	Embrace	None	Bipedal	None	Face_invisible	None	None	None		POINT
3117.907	G:/Oxford/Videos/Bossou videos/2010/0e9ed526-48b5-49c3-9a07-5b1e24e59f3a/aa6401f0-3d47-4cde-844d-0610f42030ba.dv	3759.160	29.97	Flanle	Play Element	Play Element	Grabble/Wrestle	None	Bipedal	None	Face_invisible	None	None	None		POINT
3120.711	G:/Oxford/Videos/Bossou videos/2010/0e9ed526-48b5-49c3-9a07-5b1e24e59f3a/aa6401f0-3d47-4cde-844d-0610f42030ba.dv	3759.160	29.97	Joya	Play Element	Play Element	Hold	None	None	None	Face_invisible	None	None	None		POINT
3121.377	G:/Oxford/Videos/Bossou videos/2010/0e9ed526-48b5-49c3-9a07-5b1e24e59f3a/aa6401f0-3d47-4cde-844d-0610f42030ba.dv	3759.160	29.97	Joya	Play Element	Play Element	None	None	Circle-tree,Follow-Other	None	Face_invisible	None	None	None		POINT
3121.378	G:/Oxford/Videos/Bossou videos/2010/0e9ed526-48b5-49c3-9a07-5b1e24e59f3a/aa6401f0-3d47-4cde-844d-0610f42030ba.dv	3759.160	29.97	Flanle	Play Element	Play Element	None	None	Circle-tree	None	Face_invisible	None	None	None		POINT
3122.646	G:/Oxford/Videos/Bossou videos/2010/0e9ed526-48b5-49c3-9a07-5b1e24e59f3a/aa6401f0-3d47-4cde-844d-0610f42030ba.dv	3759.160	29.97	Joya	Play Element	Play Element	Hold	Trip	Circle-partner	None	Face_invisible	None	None	None		POINT
3123.713	G:/Oxford/Videos/Bossou videos/2010/0e9ed526-48b5-49c3-9a07-5b1e24e59f3a/aa6401f0-3d47-4cde-844d-0610f42030ba.dv	3759.160	29.97	Joya	Play Element	Play Element	None	None	Bipedal,Circle-tree,Follow-Other	None	Face_invisible	None	None	None		POINT
3124.815	G:/Oxford/Videos/Bossou videos/2010/0e9ed526-48b5-49c3-9a07-5b1e24e59f3a/aa6401f0-3d47-4cde-844d-0610f42030ba.dv	3759.160	29.97	Joya	Play Element	Play Element	None	None	Bipedal,Circle-tree,Swing	None	Face_invisible	None	None	None		POINT
3126.017	G:/Oxford/Videos/Bossou videos/2010/0e9ed526-48b5-49c3-9a07-5b1e24e59f3a/aa6401f0-3d47-4cde-844d-0610f42030ba.dv	3759.160	29.97	Joya	Play Element	Play Element	None	None	Circle-tree,Swing	None	Face_invisible	None	None	None		POINT
3126.818	G:/Oxford/Videos/Bossou videos/2010/0e9ed526-48b5-49c3-9a07-5b1e24e59f3a/aa6401f0-3d47-4cde-844d-0610f42030ba.dv	3759.160	29.97	Joya	Play Element	Play Element	None	Hit	Circle-tree	None	Face_invisible	None	None	None		POINT
3128.218	G:/Oxford/Videos/Bossou videos/2010/0e9ed526-48b5-49c3-9a07-5b1e24e59f3a/aa6401f0-3d47-4cde-844d-0610f42030ba.dv	3759.160	29.97	Joya	Play Element	Play Element	None	None	Retreat	None	Face_invisible	None	None	None		POINT
3129.353	G:/Oxford/Videos/Bossou videos/2010/0e9ed526-48b5-49c3-9a07-5b1e24e59f3a/aa6401f0-3d47-4cde-844d-0610f42030ba.dv	3759.160	29.97	Joya	Break	Break										POINT
3129.520	G:/Oxford/Videos/Bossou videos/2010/0e9ed526-48b5-49c3-9a07-5b1e24e59f3a/aa6401f0-3d47-4cde-844d-0610f42030ba.dv	3759.160	29.97	Flanle	Break	Break										POINT
3130.920	G:/Oxford/Videos/Bossou videos/2010/0e9ed526-48b5-49c3-9a07-5b1e24e59f3a/aa6401f0-3d47-4cde-844d-0610f42030ba.dv	3759.160	29.97	Flanle	Non-Play	Social Interaction	Touch	None	Joya	Sender						POINT
3136.293	G:/Oxford/Videos/Bossou videos/2010/0e9ed526-48b5-49c3-9a07-5b1e24e59f3a/aa6401f0-3d47-4cde-844d-0610f42030ba.dv	3759.160	29.97	Joya	Play Element	Play Element	None	None	Follow-Other	Reach	Face_invisible	None	None	None		POINT
3136.426	G:/Oxford/Videos/Bossou videos/2010/0e9ed526-48b5-49c3-9a07-5b1e24e59f3a/aa6401f0-3d47-4cde-844d-0610f42030ba.dv	3759.160	29.97	Flanle	Play Element	Play Element	None	None	Bipedal,Retreat-backwards	None	Face_invisible	None	None	None		POINT
3137.560	G:/Oxford/Videos/Bossou videos/2010/0e9ed526-48b5-49c3-9a07-5b1e24e59f3a/aa6401f0-3d47-4cde-844d-0610f42030ba.dv	3759.160	29.97	Flanle	Play Element	Play Element	None	None	Circle-tree	None	Face_invisible	None	None	None		POINT
3137.594	G:/Oxford/Videos/Bossou videos/2010/0e9ed526-48b5-49c3-9a07-5b1e24e59f3a/aa6401f0-3d47-4cde-844d-0610f42030ba.dv	3759.160	29.97	Joya	Play Element	Play Element	None	None	Circle-tree,Follow-Other	None	Face_invisible	None	None	None		POINT
3140.064	G:/Oxford/Videos/Bossou videos/2010/0e9ed526-48b5-49c3-9a07-5b1e24e59f3a/aa6401f0-3d47-4cde-844d-0610f42030ba.dv	3759.160	29.97	Flanle	Play Element	Play Element	None	None	Retreat-backwards	Feint	Face_invisible	None	None	None		POINT
3140.129	G:/Oxford/Videos/Bossou videos/2010/0e9ed526-48b5-49c3-9a07-5b1e24e59f3a/aa6401f0-3d47-4cde-844d-0610f42030ba.dv	3759.160	29.97	Joya	Play Element	Play Element	None	Hit	None	None	Face_invisible	None	None	None		POINT
3140.930	G:/Oxford/Videos/Bossou videos/2010/0e9ed526-48b5-49c3-9a07-5b1e24e59f3a/aa6401f0-3d47-4cde-844d-0610f42030ba.dv	3759.160	29.97	Joya	Play Element	Play Element	None	Pull	Circle-tree	None	Face_invisible	None	None	None		POINT
3141.065	G:/Oxford/Videos/Bossou videos/2010/0e9ed526-48b5-49c3-9a07-5b1e24e59f3a/aa6401f0-3d47-4cde-844d-0610f42030ba.dv	3759.160	29.97	Flanle	Play Element	Play Element	None	None	Bipedal	None	Face_invisible	None	None	None		POINT
3142.834	G:/Oxford/Videos/Bossou videos/2010/0e9ed526-48b5-49c3-9a07-5b1e24e59f3a/aa6401f0-3d47-4cde-844d-0610f42030ba.dv	3759.160	29.97	Flanle	Play Element	Play Element	None	None	Retreat	None	Face_invisible	None	None	None		POINT
3142.900	G:/Oxford/Videos/Bossou videos/2010/0e9ed526-48b5-49c3-9a07-5b1e24e59f3a/aa6401f0-3d47-4cde-844d-0610f42030ba.dv	3759.160	29.97	Joya	Play Element	Play Element	Hold	None	None	None	Face_invisible	None	None	None		POINT
3143.499	G:/Oxford/Videos/Bossou videos/2010/0e9ed526-48b5-49c3-9a07-5b1e24e59f3a/aa6401f0-3d47-4cde-844d-0610f42030ba.dv	3759.160	29.97	Joya	Break	Break										POINT
3143.500	G:/Oxford/Videos/Bossou videos/2010/0e9ed526-48b5-49c3-9a07-5b1e24e59f3a/aa6401f0-3d47-4cde-844d-0610f42030ba.dv	3759.160	29.97	Flanle	Play Element	Play Element	None	None	Approach	None	Face_invisible	None	None	None		POINT
3145.368	G:/Oxford/Videos/Bossou videos/2010/0e9ed526-48b5-49c3-9a07-5b1e24e59f3a/aa6401f0-3d47-4cde-844d-0610f42030ba.dv	3759.160	29.97	Flanle	Break	Break										POINT
3148.838	G:/Oxford/Videos/Bossou videos/2010/0e9ed526-48b5-49c3-9a07-5b1e24e59f3a/aa6401f0-3d47-4cde-844d-0610f42030ba.dv	3759.160	29.97		End	End	None	Yes								POINT
